AATAGAGCAA,AACCATAGAA,ACGCCTTGTT,ATGGTTGACT,GATAGGCCGA,GGTTGCGAGG,TAAGCATCCA,TATTGCGCTC,TTCTACATAC
CGCACATGGC,AACCATAGAA,ACGCCTTGTT,ATGGTTGACT,GATAGGCCGA,GGTTGCGAGG,TAAGCATCCA,TATTGCGCTC,TTCTACATAC
CTAACTGTAA,AACCATAGAA,ACGCCTTGTT,ATGGTTGACT,GATAGGCCGA,GGTTGCGAGG,TAAGCATCCA,TATTGCGCTC,TTCTACATAC
CTGTGTTAGG,AACCATAGAA,ACGCCTTGTT,ATGGTTGACT,GATAGGCCGA,GGTTGCGAGG,TAAGCATCCA,TATTGCGCTC,TTCTACATAC
CTTATGGAAT,AACCATAGAA,ACGCCTTGTT,ATGGTTGACT,GATAGGCCGA,GGTTGCGAGG,TAAGCATCCA,TATTGCGCTC,TTCTACATAC
GCTTACGGAC,AACCATAGAA,ACGCCTTGTT,ATGGTTGACT,GATAGGCCGA,GGTTGCGAGG,TAAGCATCCA,TATTGCGCTC,TTCTACATAC
GGCCTGTCCT,AACCATAGAA,ACGCCTTGTT,ATGGTTGACT,GATAGGCCGA,GGTTGCGAGG,TAAGCATCCA,TATTGCGCTC,TTCTACATAC
GGCGAGATGG,AACCATAGAA,ACGCCTTGTT,ATGGTTGACT,GATAGGCCGA,GGTTGCGAGG,TAAGCATCCA,TATTGCGCTC,TTCTACATAC
TAAGGAACGT,AACCATAGAA,ACGCCTTGTT,ATGGTTGACT,GATAGGCCGA,GGTTGCGAGG,TAAGCATCCA,TATTGCGCTC,TTCTACATAC
TCAATCCATT,AACCATAGAA,ACGCCTTGTT,ATGGTTGACT,GATAGGCCGA,GGTTGCGAGG,TAAGCATCCA,TATTGCGCTC,TTCTACATAC
TCCGACCTCG,AACCATAGAA,ACGCCTTGTT,ATGGTTGACT,GATAGGCCGA,GGTTGCGAGG,TAAGCATCCA,TATTGCGCTC,TTCTACATAC
TCGTATGCGG,AACCATAGAA,ACGCCTTGTT,ATGGTTGACT,GATAGGCCGA,GGTTGCGAGG,TAAGCATCCA,TATTGCGCTC,TTCTACATAC
